{
    "result_path": "runs\\exp4",
    "checkpoints_dir": "runs\\exp4\\checkpoint",
    "tensorboard_dir": "runs\\exp4\\tensorboard_log",
    "train_csv_path": "./omniglot/train.csv",
    "val_csv_path": "./omniglot/val.csv",
    "img_channels": "1",
    "img_size": "28",
    "way": "10",
    "shot": "10",
    "query": "5",
    "episodes": "10",
    "val_way": "2",
    "val_shot": "10",
    "val_query": "5",
    "val_episodes": "10",
    "epochs": "600",
    "patience": "50",
    "learning_rate": "0.0001",
    "lr_decay_step": "1",
    "weight_decay_step": "0",
    "seed": "42",
    "hidden_channels": "64"
}